{
  "experiment": "phase2_routing_diagnostics_v2",
  "timestamp": "2026-01-22T20:32:30.093723",
  "n_seeds": 3,
  "gd_protocol": {
    "arch": {
      "hidden": null,
      "activation": "gumbel_softmax",
      "temp_anneal": [
        1.0,
        0.1,
        "exponential"
      ]
    },
    "hyperparams": {
      "lr": 0.01,
      "steps": 2000,
      "log_every": 100,
      "batch_size": 256
    }
  },
  "seeds": [
    {
      "seed": 0,
      "final_accuracy_mean": 0.9375000074505806,
      "final_accuracies": {
        "xor": 1.0,
        "and": 1.0,
        "or": 1.0,
        "implies": 1.0,
        "xnor": 1.0,
        "nand": 1.0,
        "nor": 1.0,
        "not_implies": 1.0,
        "if_a_then_xor_else_and": 0.7460000514984131,
        "if_a_then_and_else_or": 0.7477500438690186,
        "xor_of_and_with_b": 0.5062500238418579,
        "and_of_xor_with_a": 1.0,
        "or_of_and_with_xor": 1.0,
        "majority_vote": 1.0,
        "parity_of_and_or": 1.0,
        "xor_implies_and": 1.0
      },
      "routing": {
        "final_drift": 3.3977760763875717,
        "final_mean_entropy": 0.0625493973493576,
        "final_permutation_likeness": 0.375,
        "drift_trajectory": [
          2.3872338431268627,
          2.547614579397756,
          2.7772411874014233,
          2.8598680529150444,
          2.921192702682642,
          2.9659332591694563,
          2.998175693340209,
          3.0216576240654445,
          2.94800468023951,
          2.962184452075485,
          2.9792828676745358,
          2.990849154633228,
          3.0076904841856456,
          3.019971564961207,
          3.027998932234963,
          3.2984235586121584,
          3.3302342880425475,
          3.354655019923754,
          3.372776558190549,
          3.3867344399893797,
          3.3977760763875717
        ]
      },
      "training": {
        "accuracy_log": [
          0.8115058690309525,
          0.9379316456615925,
          0.9379316456615925,
          0.9379316456615925,
          0.9379316456615925,
          0.9379316456615925,
          0.9688183628022671,
          0.9688183628022671,
          0.9059687573462725,
          0.9059687573462725,
          0.9371777419000864,
          0.9371777419000864,
          0.9371777419000864,
          0.9371777419000864,
          0.9530527405440807,
          0.9375000074505806,
          0.9375000074505806,
          0.9375000074505806,
          0.9375000074505806,
          0.9375000074505806,
          0.9375000074505806
        ],
        "loss_log": [
          0.5,
          0.2525269389152527,
          0.0002103205770254135,
          8.828692443785258e-06,
          1.1792399163823575e-06,
          1.7312049749307334e-07,
          4.4758053263649344e-08,
          0.0,
          0.0,
          0.0,
          0.0,
          0.0,
          0.0,
          0.0,
          0.0,
          1.0329822544008493e-06,
          6.903865141794086e-07,
          5.096117092762142e-07,
          4.0179656934924424e-07,
          2.610995579743758e-07,
          1.3297358236741275e-07
        ]
      }
    },
    {
      "seed": 1,
      "final_accuracy_mean": 0.8594472762197256,
      "final_accuracies": {
        "xor": 1.0,
        "and": 0.2540000081062317,
        "or": 1.0,
        "implies": 1.0,
        "xnor": 1.0,
        "nand": 1.0,
        "nor": 1.0,
        "not_implies": 1.0,
        "if_a_then_xor_else_and": 0.7529062628746033,
        "if_a_then_and_else_or": 0.7529062628746033,
        "xor_of_and_with_b": 0.49934378266334534,
        "and_of_xor_with_a": 1.0,
        "or_of_and_with_xor": 1.0,
        "majority_vote": 1.0,
        "parity_of_and_or": 0.7460000514984131,
        "xor_implies_and": 0.7460000514984131
      },
      "routing": {
        "final_drift": 3.1580583791679318,
        "final_mean_entropy": 0.20604845881462097,
        "final_permutation_likeness": 0.3125,
        "drift_trajectory": [
          2.383681783347225,
          2.522746195293949,
          2.5516753253774467,
          2.543003862317769,
          2.5894938811760895,
          2.6356612421877155,
          2.6628266611788187,
          2.7909700159287647,
          2.829036044657304,
          2.862595880564088,
          2.8857505732845645,
          2.9010893331841827,
          3.057061741521173,
          3.0840804727868254,
          3.106187909315965,
          3.1223391631551913,
          3.1297561515437096,
          3.1408646577111874,
          3.150884730818462,
          3.1571876329452655,
          3.1580583791679318
        ]
      },
      "training": {
        "accuracy_log": [
          0.8274570386856794,
          0.9057500138878822,
          0.9057500138878822,
          0.8749179821461439,
          0.8907929807901382,
          0.8907929807901382,
          0.8750273548066616,
          0.7974062617868185,
          0.7974062617868185,
          0.7974062617868185,
          0.7974062617868185,
          0.8128222767263651,
          0.7974062617868185,
          0.7974062617868185,
          0.7974062617868185,
          0.7974062617868185,
          0.8128222767263651,
          0.8441406339406967,
          0.8441406339406967,
          0.844031261280179,
          0.8594472762197256
        ],
        "loss_log": [
          0.5,
          0.25295108556747437,
          0.25195401906967163,
          0.2513428330421448,
          0.250244140625,
          0.2532958984375,
          0.24462890625,
          0.2515869140625,
          0.254150390625,
          0.251220703125,
          0.25164794921875,
          0.2498779296875,
          0.254638671875,
          0.25250244140625,
          0.2574462890625,
          0.247314453125,
          0.2493896484375,
          0.250732421875,
          0.24951171875,
          0.25299072265625,
          0.248779296875
        ]
      }
    },
    {
      "seed": 2,
      "final_accuracy_mean": 0.7820996195077896,
      "final_accuracies": {
        "xor": 1.0,
        "and": 0.2540000081062317,
        "or": 0.7533437609672546,
        "implies": 1.0,
        "xnor": 1.0,
        "nand": 1.0,
        "nor": 1.0,
        "not_implies": 1.0,
        "if_a_then_xor_else_and": 0.7477500438690186,
        "if_a_then_and_else_or": 0.7529062628746033,
        "xor_of_and_with_b": 0.5062500238418579,
        "and_of_xor_with_a": 1.0,
        "or_of_and_with_xor": 0.7533437609672546,
        "majority_vote": 1.0,
        "parity_of_and_or": 0.0,
        "xor_implies_and": 0.7460000514984131
      },
      "routing": {
        "final_drift": 3.3909041546351038,
        "final_mean_entropy": 0.09249953925609589,
        "final_permutation_likeness": 0.25,
        "drift_trajectory": [
          2.3842092919039515,
          2.507545379805459,
          2.5100878493449286,
          2.5404778298332125,
          2.5965093713806384,
          2.633180640831327,
          2.6608309117859665,
          2.6829362200170297,
          2.6956641952883613,
          2.7099220463807354,
          2.723070799211161,
          2.7261150489334773,
          2.7236407854781888,
          2.7293386759447906,
          3.1779172276206182,
          3.2111813786071863,
          3.2774397905515027,
          3.286363421053464,
          3.371165077703994,
          3.3864332774687953,
          3.3909041546351038
        ]
      },