{
  "benchmark": "fwht_minimal_test",
  "results": [
    {
      "n": 27,
      "dim": 134217728,
      "backend": "gpu",
      "mean_time_s": 0.12822015199344605,
      "times_ms": [
        128.22015199344605
      ],
      "throughput_coeffs_per_sec": 1046775611.4254216,
      "memory_gb_theoretical": 0.536870912,
      "success": true
    },
    {
      "n": 28,
      "dim": 268435456,
      "backend": "gpu",
      "mean_time_s": 0.18533077065755302,
      "times_ms": [
        185.10580097790807,
        184.74915495608002,
        186.137356038671
      ],
      "throughput_coeffs_per_sec": 1448412775.965868,
      "memory_gb_theoretical": 1.073741824,
      "success": true
    }
  ],
  "timestamp": "2026-01-03T19:23:58.649226",
  "settings": {
    "XLA_PYTHON_CLIENT_PREALLOCATE": "false",
    "XLA_PYTHON_CLIENT_MEM_FRACTION": "1.0",
    "jax_enable_x64": false
  }
}